<keymap version="1" name="macOS copy" parent="Mac OS X 10.5+">
  <action id="ActivateDatabaseToolWindow">
    <keyboard-shortcut first-keystroke="ctrl meta alt comma" />
  </action>
  <action id="CloseAllEditorsButActive">
    <keyboard-shortcut first-keystroke="shift alt w" />
  </action>
  <action id="EditorAddCaretPerSelectedLine">
    <keyboard-shortcut first-keystroke="shift meta i" />
  </action>
  <action id="EditorToggleUseSoftWraps">
    <keyboard-shortcut first-keystroke="ctrl meta alt s" />
  </action>
  <action id="ExternalSystem.ProjectRefreshAction" />
  <action id="ManageRecentProjects">
    <keyboard-shortcut first-keystroke="shift meta p" />
  </action>
  <action id="ReopenClosedTab">
    <keyboard-shortcut first-keystroke="ctrl meta t" />
  </action>
  <action id="SelectAllOccurrences" />
  <action id="Vcs.ShowHistoryForBlock">
    <keyboard-shortcut first-keystroke="ctrl meta g" />
  </action>
  <action id="android.device.power.button" />
  <action id="tasks.close" />
</keymap>